<?xml version="1.0" encoding="UTF-8"?>
<project-private xmlns="http://www.netbeans.org/ns/project-private/1">
    <editor-bookmarks xmlns="http://www.netbeans.org/ns/editor-bookmarks/2" lastBookmarkId="0"/>
    <open-files xmlns="http://www.netbeans.org/ns/projectui-open-files/2">
        <group>
            <file>file:/C:/Users/0031432412008/Documents/NetBeansProjects/Lista%20de%20exercícios-1/src/lista/de/exercícios/pkg1/Pessoa.java</file>
            <file>file:/C:/Users/0031432412008/Documents/NetBeansProjects/Lista%20de%20exercícios-1/src/lista/de/exercícios/pkg1/ListaDeExercícios1.java</file>
        </group>
    </open-files>
</project-private>
